-- phpMyAdmin SQL Dump
-- version 3.5.6
-- http://www.phpmyadmin.net
--
-- Servidor: surya.uab.es:3306
-- Tiempo de generación: 13-04-2018 a las 10:07:34
-- Versión del servidor: 5.5.28-0ubuntu0.12.04.3
-- Versión de PHP: 5.3.29

SET SQL_MODE="NO_AUTO_VALUE_ON_ZERO";
SET time_zone = "+00:00";


/*!40101 SET @OLD_CHARACTER_SET_CLIENT=@@CHARACTER_SET_CLIENT */;
/*!40101 SET @OLD_CHARACTER_SET_RESULTS=@@CHARACTER_SET_RESULTS */;
/*!40101 SET @OLD_COLLATION_CONNECTION=@@COLLATION_CONNECTION */;
/*!40101 SET NAMES utf8 */;

--
-- Base de datos: `c2012755_icacs_castellano`
--

--
-- Volcado de datos para la tabla `CapMenu`
--

INSERT INTO `CapMenu` (`IdCapMenu`, `Titol`, `Orden`) VALUES
(38, 'Bienvenida', 1),
(39, 'Máster Universitario', 2),
(40, 'Normativa del trabajo de Investigación', 3),
(42, 'Información Académica', 6),
(51, 'Programas', 7),
(58, 'Guías Docentes', 8);

--
-- Volcado de datos para la tabla `Contacte`
--

INSERT INTO `Contacte` (`IdContacte`, `Titol`, `Contingut`, `URL`) VALUES
(3, '', '<p>\n	Lunes, martes, jueves y viernes: 10h a 14h<br />\n	Mi&eacute;rcoles:10h a 14h y de 15h a 18h</p>\n<p>\n	Julio: &nbsp;9:30 a 13 h.<br />\n	Agosto: cerrado</p>\n<p>\n	Tel.: +34 93 581 19 02<br />\n	Fax: +34 93 581 19 17</p>\n<p style="text-\n\nalign: right;">\n	<a href="mailto:ga.medicina@uab.cat">ga.medicina@uab.cat</a></p>\n<p style="text-\n\nalign: right;">\n	<strong>Imprescinidible</strong> pedir <strong>CITA PREVIA</strong>: &nbsp;<a href="http://cita.uab.cat/medicina/gestio-academica/" style="text-decoration: none; font-family: Verdana, Geneva, sans-serif; font-size: 11px; text-align: justify;">http://cita.uab.cat/medicina/gestio-academica/</a></p>\n<p style="text-\n\nalign: right;">\n	&nbsp;</p>\n', '');

--
-- Volcado de datos para la tabla `Destacat`
--

INSERT INTO `Destacat` (`IdDestacat`, `FormatBoto`, `Imatge`, `TipusEnllac`, `URL`, `Orden`) VALUES
(22, 2, '#404982|#ffffff|Másters oficiales', 2, 'http://www.uab.cat/servlet/Satellite/informacio-academica-dels-masters-oficials/l-oferta-de-masters-oficials/medicina-1096480085644.html?param10=1201854658992', 2),
(23, 2, '#404982|#ffffff|UAB', 2, 'http://www.uab.es', 1);

--
-- Volcado de datos para la tabla `EnDirHome`
--

INSERT INTO `EnDirHome` (`IdEnDirHome`, `Titol`, `TipusEnllac`, `URL`, `Orden`) VALUES
(26, 'Descripción Módulos', 1, '39|257|0', 3),
(27, 'Planificación', 1, '39|255|0', 2),
(29, 'Calendario Académico 2017-2018', 1, '39|256|0', 1),
(31, 'Prácticas y trabajo de investigación', 1, '39|267|0', 6),
(32, 'Programas', 1, '51|278|0', 4),
(33, 'Normativa del Treball d''Investigació', 1, '40|258|0', 7);

--
-- Volcado de datos para la tabla `LinMenu`
--

INSERT INTO `LinMenu` (`IdLinMenu`, `IdCapMenu`, `IdLinMenuRel`, `Titol`, `Contingut`, `Orden`, `Tipus`) VALUES
(237, 38, 0, 'Presentación', '<p>\n	La complejidad creciente de las Ciencias de la Salud y el desaf&iacute;o de los avances en los m&uacute;ltiples frentes diagn&oacute;sticos y terap&eacute;uticos que exploran las ciencias biom&eacute;dicas hacen de la investigaci&oacute;n cl&iacute;nica una necesidad formativa indispensable para los futuros m&eacute;dicos y profesionales sanitarios. Durante la etapa pregraduada, de acuerdo con su car&aacute;cter generalista, la inmersi&oacute;n en el mundo de la investigaci&oacute;n suele ser ocasional, indirecta y poco acorde con las necesidades de la pr&aacute;ctica cl&iacute;nica sofisticada. &nbsp;<br />\n	<br />\n	&nbsp;<br />\n	<br />\n	El M&aacute;ster en Investigaci&oacute;n Cl&iacute;nica Aplicada en Ciencias de la Salud ofrece un marco gen&eacute;rico de formaci&oacute;n postgraduada de alto nivel cuyo objetivo consiste en formar investigadores solventes capaces de gestar y de llevar a buen termino proyectos de investigaci&oacute;n vinculados a su trayectoria cl&iacute;nica. La formaci&oacute;n hospitalaria y universitaria se integran con el prop&oacute;sito de capacitar al alumno para desarrollar competencias espec&iacute;ficas de investigaci&oacute;n en distintos &aacute;mbitos de las Ciencias de la Salud.<br />\n	<br />\n	&nbsp;<br />\n	<br />\n	Una vez que los estudiantes hayan adquirido las bases metodol&oacute;gicas de investigaci&oacute;n en un m&oacute;dulo inicial obligatorio, deber&aacute;n escoger su propio itinerario entre dos de los ocho m&oacute;dulos optativos que se ofrecen e integran dentro de los departamentos de la Facultad de Medicina de la UAB.. Finalmente, los estudiantes realizar&aacute;n un per&iacute;odo de pr&aacute;cticas de investigaci&oacute;n supervisada y desarrollar&aacute;n un Trabajo de Investigaci&oacute;n, para obtener as&iacute; el titulo de M&aacute;ster.</p>\n', 0, 1),
(238, 39, 0, 'Objetivos', '<p style="text-align: justify;">\n	Al acabar el M&aacute;ster en Investigaci&oacute;n \r\n\r\nCl&iacute;nica Aplicada en Ciencias de la Salud&nbsp; el estudiante ser&aacute; capaz de:</p>\n<p style="margin-left: \r\n\r\n36pt; text-align: justify;">\n	1. Demostrar que comprende, a un nivel avanzado, los estados de salud y enfermedad del ser \r\n\r\nhumano y su relaci&oacute;n con el entorno f&iacute;sico y social, los m&eacute;todos cient&iacute;ficos de \r\n\r\ninvestigaci&oacute;n, la evaluaci&oacute;n de hechos cient&iacute;ficamente demostrados y el an&aacute;lisis de datos y \r\n\r\nresultados.</p>\n<p style="margin-left: 36pt; text-align: justify;">\n	&nbsp;</p>\n<p style="margin-left: 36pt; text-\r\n\r\nalign: justify;">\n	2. Aplicar los conocimientos adquiridos y la capacidad de resoluci&oacute;n de problemas en \r\n\r\nentornos nuevos o poco conocidos, dentro de contextos amplios o multidisciplinarios, al planteamiento de hip&oacute;tesis \r\n\r\ny al dise&ntilde;o de experimentos en el campo de la investigaci&oacute;n&nbsp; en ciencias de la salud.</p>\n<p \r\n\r\nstyle="margin-left: 36pt; text-align: justify;">\n	&nbsp;</p>\n<p style="margin-left: 36pt; text-align: justify;">\n	\r\n\r\n3. Integrar conocimientos relevantes de estudios, an&aacute;lisis y/o experimentos para formular y contrastar \r\n\r\nhip&oacute;tesis. Formular juicios cr&iacute;ticos relacionados con la investigaci&oacute;n cl&iacute;nica en las ciencias \r\n\r\nde a salud, incluyendo reflexiones sobre los aspectos cient&iacute;ficos, &eacute;ticos y sociales de los mismos.<br />\n	\r\n\r\n&nbsp;</p>\n<p style="margin-left: 36pt; text-align: justify;">\n	4. Comunicar las conclusiones, los conocimientos y \r\n\r\nlas razones sobre las que se sustentan las investigaci&oacute;n cl&iacute;nicas aplicadas a p&uacute;blicos especializados \r\n\r\ny no especializados de una manera clara y sin ambig&uuml;edades.</p>\n<p style="margin-left: 36pt; text-align: justify;">\r\n\r\n\n	&nbsp;</p>\n<p style="margin-left: 36pt; text-align: justify;">\n	5. Demostrar que posee las habilidades de \r\n\r\naprendizaje que le permiten continuar estudiando de manera autodirigida o aut&oacute;noma.</p>\n', 0, 1),
(262, 40, 0, 'Depósitos digitales UAB i CBUC (Anexo 4)', '<h3 style="text-align: center;">\n	<span style="color:#000080;"><strong>Document d&rsquo;autoritzaci&oacute; per a introduir els Treballs dels alumnes a dip&ograve;sits digitals de la UAB i del CBUC</strong></span></h3>\n<p style="text-align: justify;">\n	&nbsp;</p>\n<p style="text-align: justify;">\n	Nom i Cognoms de l&rsquo;Autor:<br />\n	DNI o Passaport:<br />\n	Com a &uacute;nic titular dels drets de propietat intel&middot;lectual del treball (t&iacute;tol):<br />\n	<br />\n	<br />\n	Autoritzo a la Universitat Aut&ograve;noma de Barcelona (UAB) i al Consorci de Biblioteques Universit&agrave;ries de Catalunya (CBUC) a dipositar aquest treball al Dip&ograve;sit de la Recerca de Catalunya (RecerCat) o qualsevol altre creat per la UAB o el CBUC amb les finalitats de facilitar la preservaci&oacute; i la difusi&oacute; de la recerca i la investigaci&oacute; universit&agrave;ria.<br />\n	<br />\n	Per tant, autoritzo&nbsp; a la UAB, i al CBUC a realitzar els actes que siguin necessaris per tal d&rsquo;introduir el treball als esmentats dip&ograve;sits, aix&iacute; com per preservar-lo i donar-li acc&eacute;s mitjan&ccedil;ant comunicaci&oacute; p&uacute;blica. Aquestes institucions no estan obligades a reproduir el treball en els mateixos formats o resolucions en qu&egrave; ser&agrave; dipositat origin&agrave;riament. La cessi&oacute; de l&rsquo;exercici dels drets necessaris per tal de realitzar totes aquestes accions es fa amb car&agrave;cter de no exclusivitat, &eacute;s a dir, s&oacute;c lliure de publicar-lo a qualsevol altre lloc.<br />\n	<br />\n	Declaro que no vulnero cap dret de tercers ja sigui de propietat intel&bull;lectual, industrial, secret comercial o qualsevol altre, en subscriure aquesta autoritzaci&oacute;, ni en relaci&oacute; al contingut d&rsquo;aquest treball, de manera que exonero la UAB i el CBUC de qualsevol obligaci&oacute; o responsabilitat davant qualsevol acci&oacute; legal que es pugui suscitar derivada del treball dipositat.<br />\n	<br />\n	Finalment declaro que accepto que des del repositori es doni acc&eacute;s al treball mitjan&ccedil;ant una llic&egrave;ncia Creative Commons, &ldquo;Reconeixement&ndash;NoComercial&ndash;SenseObraDerivada 2.5 Espanya&rdquo; amb la qual es permet copiar, distribuir i comunicar p&uacute;blicament l&#39;obra sempre que se&#39;n citin l&#39;autor original i la instituci&oacute; i no se&#39;n faci cap &uacute;s comercial ni obra derivada.&nbsp; &nbsp;<br />\n	<br />\n	<br />\n	Signatura<br />\n	<br />\n	______________________________________<br />\n	<br />\n	Lloc i Data: ____________________________</p>\n', 4, 1),
(261, 40, 0, 'Entrega y depósito (Anexo 3)', '<h3 style="text-align: center;">\n	<strong><span style="color:#000080;">NORMATIVA PER \r\n\r\nAL LLIURAMENT I DIP&Ograve;SIT DELS TREBALLS PER SER INCORPORATS AL RECERCAT</span></strong></h3>\n<h3 style="text-align: \r\n\r\ncenter;">\n	<strong>Tota la documentaci&oacute; es presentar&agrave; al departament on es va llegir el treball de \r\n\r\nrecerca</strong></h3>\n<p>\n	Per tal que puguin introduir-se aquestes col&middot;leccions al RECERCAT cal que \r\n\r\nl&#39;autor/a presenti els treballs d&#39;acord amb la seg&uuml;ent normativa:</p>\n<p style="margin-left: 40px;">\n	1. \r\n\r\nL&#39;autor/a ha de lliurar:</p>\n<p style="margin-left: 80px;">\n	a. Presentar per duplicat el document \r\n\r\nd&#39;autoritzaci&oacute;</p>\n<p style="margin-left: 80px;">\n	b. Una c&ograve;pia del treball en sulport \r\n\r\nelectr&ograve;nic CD, en format PDF. El document haur&agrave; d&acute;&eacute;sser identificat mitjan&ccedil;ant el nom de \r\n\r\n&quot;Treball de recerca&quot;</p>\n<p style="margin-left: 80px;">\n	c. Un fitxer, incorporat al mateix CD, en format \r\n\r\nMicrosoft Word (o qualsevol altre processador de textos) amb totes les dades del punt 2, que ser&agrave; identificat amb \r\n\r\nel nom de &quot;Dades del treball&quot;</p>\n<p style="margin-left: 80px;">\n	d. El CD on s&#39;incorporin els arxius \r\n\r\nesmentats als punts &quot;a&quot; i &quot;b&quot; haur&agrave; d&#39;estar retolat clarament amb el nom de l&#39;autor/a, \r\n\r\nel t&iacute;tol del treball i el nom del departament alqual es fa el dip&ograve;sit.</p>\n<p style="margin-left: 40px;">\n	\r\n\r\n2. En el treball de l&#39;alumne/a, per tal que s&#39;accepti, hi ha de constar:</p>\n<p style="margin-left: 80px;">\n	a. \r\n\r\nAutor</p>\n<p style="margin-left: 80px;">\n	b. T&iacute;tol</p>\n<p style="margin-left: 80px;">\n	c. Any \r\n\r\nd&#39;elaboraci&oacute;</p>\n<p style="margin-left: 80px;">\n	d. Director del treball</p>\n<p style="margin-left: \r\n\r\n80px;">\n	e. Tipus de treball</p>\n<p style="margin-left: 80px;">\n	f. Titulaci&oacute;</p>\n<p \r\n\r\nstyle="margin-left: 80px;">\n	g. Departament&nbsp; / Centre</p>\n<p style="margin-left: 80px;">\n	h. Paraules \r\n\r\nclau</p>\n<p style="margin-left: 120px;">\n	<br />\n	&nbsp; i. A partir de 3 paraules clau, en el mateix idioma \r\n\r\nen qu&egrave; est&agrave; redactat els treballs</p>\n<p style="margin-left: 120px;">\n	&nbsp;ii. La traducci&oacute; al \r\n\r\ncatal&agrave; de les paraules clau, si l&#39;original del treball &eacute;s en una altra llengua</p>\n<p style="margin-\r\n\r\nleft: 120px;">\n	iii. Un resum explicatiu del contingut del treball en el mateixi idioma en qu&egrave; est&agrave; \r\n\r\nredactat. Extensi&oacute; m&agrave;xima <u>100 paraules</u></p>\n<p style="margin-left: 120px;">\n	iv. La \r\n\r\ntraducci&oacute; al catal&agrave; d&#39;aquest resum, si l&#39;original del treball &eacute;s en&nbsp; una altra llengua. \r\n\r\nExtensi&oacute; m&agrave;xima <u>100</u> <u>paraules</u></p>\n<p style="margin-left: 40px;">\n	3. En el moment de lliurar \r\n\r\nel treball, l&#39;autor signar&agrave; el<em> Document d&#39;autoritzaci&oacute; per a introduir els Treballs \r\n\r\nd&#39;alumnes a dip&ograve;sits digitals de laUAB i del CBUC</em>, que est&agrave; disponible als departaments</p>\n<p \r\n\r\nstyle="margin-left: 40px;">\n	4. El Departament lliurar&agrave; a la Biblioteca, a l&#39;atenci&oacute; de \r\n\r\n<em>Gesti&oacute; de la Col&middot;lecci&oacute;</em> (o del Cap de Biblioteca) tota aquesta documentaci&oacute;. \r\n\r\nD&#39;aquests treballs no s&#39;enviar&agrave; cap c&ograve;pia en paper</p>\n', 3, 1),
(258, 40, 0, 'Normativa', '<p align="center">\n	<span style="color:#0000cd;"><strong>M&Aacute;STER EN INVESTIGACI&Oacute;N CL&Iacute;NICA APLICADA EN CIENCIES DE LA SALUD. ICACS</strong></span></p>\n<p align="center">\n	&nbsp;</p>\n<p align="center">\n	<span style="color:#0000cd;"><strong>NORMATIVA DEL M&Oacute;DULO &ldquo;TRABAJO DE FIN DE MASTER&rdquo;</strong></span></p>\n<p align="center">\n	<span style="color:#0000cd;"><strong>CURSO 2016-17</strong></span></p>\n<ul>\n	<li align="center">\n		<strong>Entregar el trabajo antes del d&iacute;a 15 de septiembre de 2017, envi&aacute;ndolo a la atenci&oacute;n de Mar&iacute;a Jos&eacute; D&iacute;az (mdiazj@santpau.cat)</strong></li>\n</ul>\n<p>\n	&nbsp;</p>\n<p>\n	El trabajo de fin de m&aacute;ster sigue al m&oacute;dulo &quot;Pr&aacute;cticas de Investigaci&oacute;n&quot;. Estos dos m&oacute;dulos configuran un &quot;continuum&quot; en la din&aacute;mica del Master Oficial &quot;Investigaci&oacute;n Cl&iacute;nica Aplicada en Ciencias de la Salud&quot;. El objetivo de estos dos m&oacute;dulos es el de introducir al alumno en una l&iacute;nea o proyecto concreto de investigaci&oacute;n donde a trav&eacute;s de un aprendizaje din&aacute;mico y pr&aacute;ctico desarrolle su proyecto y trabajo de investigaci&oacute;n.</p>\n<p>\n	Ambos aprendizajes se desarrollar&aacute;n bajo la tutela de un director (no necesariamente tiene que ser profesor del m&aacute;ster), que firmar&aacute; la viabilidad del proyecto y la disponibilidad del trabajo de investigaci&oacute;n para ser presentado ante un tribunal. En el caso de<br />\n	directores ajenos al profesorado del m&aacute;ster, el trabajo deber&aacute; contar con el aval de un profesor del m&aacute;ster. Este tutor, nombrado o aprobado por el coordinador del m&oacute;dulo donde se inscriba la investigaci&oacute;n, establecer&aacute; un calendario de tutor&iacute;as para evaluar la<br />\n	progresi&oacute;n del proyecto y, no obstante, la disponibilidad para su presentaci&oacute;n. Asimismo, si el centro donde se desarrolla el trabajo no es una instituci&oacute;n adscrita a la UAB, deber&aacute; formalizarse un convenio entre ambas, seg&uacute;n el modelo existente (Anexo 4).</p>\n<p>\n	El alumno deber&aacute; entregar <strong>cuatro ejemplares encuadernados</strong> del trabajo de fin de M&aacute;ster y <strong>un CD</strong> que cumpla con la NORMATIVA PARA LA ENTREGA Y DEP&Oacute;SITO DE LOS TRABAJOS PARA SER INCORPORADOS AL RECERCAT del Servicio de Bibliotecas de la UAB (Anexo 2) y <strong>el Documento de autorizaci&oacute;n</strong> firmado para introducir los Trabajos de Alumnos a dep&oacute;sitos digitales de la UAB y del CBUC (Anexo 3). De estas copias, tres ser&aacute;n para el responsable del m&oacute;dulo y/o departamento correspondiente donde se haya de juzgar el trabajo, quien lo entregar&aacute; a los miembros del tribunal que evaluar&aacute;n el trabajo y una copia ser&aacute; para la Coordinaci&oacute;n del M&aacute;ster.</p>\n<p>\n	Dentro del ejemplar encuadernado <u>obligatoriamente</u> deber&aacute; constar <strong>un certificado del/s&nbsp; director/es del trabajo</strong>, y del tutor en caso de que exista (Anexo 1).</p>\n<p>\n	El trabajo de investigaci&oacute;n puede versar sobre cualquier tema, cl&iacute;nico o experimental, dentro del &aacute;mbito de las &aacute;reas de conocimiento de las ciencias de la Salud.</p>\n<p>\n	El tribunal que debe evaluar estos trabajos de investigaci&oacute;n estar&aacute; formado por 3 personas que habr&aacute;n sido escogidas entre el profesorado doctor con conocimientos relacionados con el contenido del trabajo de investigaci&oacute;n. El nombramiento de estos miembros del tribunal lo har&aacute; el Coordinador del M&aacute;ster.</p>\n<p>\n	&nbsp;</p>\n<p>\n	La presentaci&oacute;n del trabajo ser&aacute; por escrito y oral:</p>\n<p>\n	<br />\n	<strong>Escrita:</strong> La extensi&oacute;n del trabajo es libre. Se recomienda que sea en el formato cl&aacute;sicos de las publicaciones de art&iacute;culos originales, en la medida de lo posible siguiendo las instrucciones de la iniciativa EQUATOR. Deber&aacute; constar de:</p>\n<p>\n	&nbsp;</p>\n<ul>\n	<li style="margin-left: 18pt;">\n		Resumen (m&aacute;ximo 250 palabras)</li>\n	<li style="margin-left: 18pt;">\n		Introducci&oacute;n</li>\n	<li style="margin-left: 18pt;">\n		Material y m&eacute;todos</li>\n	<li style="margin-left: 18pt;">\n		Resultados</li>\n	<li style="margin-left: 18pt;">\n		Discusi&oacute;n</li>\n	<li style="margin-left: 18pt;">\n		Conclusiones</li>\n	<li style="margin-left: 18pt;">\n		Bibliograf&iacute;a (se presentar&aacute; utilizando cualquiera de los modelos aplicados en las revistas cient&iacute;ficas)</li>\n</ul>\n<p>\n	&nbsp;</p>\n<p>\n	<strong>Oral.</strong> La exposici&oacute;n ser&aacute; p&uacute;blica. El alumno dispondr&aacute; de 15 minutos para la exposici&oacute;n del trabajo haciendo &eacute;nfasis en los objetivos, metodolog&iacute;a utilizada y resultados/conclusiones, (&eacute;stas pueden ser provisionales). Posteriormente se abrir&aacute; un debate de 5 minutos donde el tribunal solicitar&aacute; del alumno las aclaraciones o ampliaciones que crea pertinentes sobre el trabajo realizado.</p>\n<p>\n	La evaluaci&oacute;n ser&aacute; siempre individual, aunque la actividad se haya realizado colectivamente, y se har&aacute; considerando el logro de los objetivos del M&aacute;ster. El tribunal generar&aacute; un acta de las sesiones de evaluaci&oacute;n en el que conste la calificaci&oacute;n de cada estudiante y ser&aacute; firmada por los tres miembros. El acta oficial ser&aacute; firmada por el coordinador del m&oacute;dulo.</p>\n<p>\n	&nbsp;</p>\n<p>\n	<span style="color:#0000cd;"><strong>FORMATO DEL TRABAJO DE FIN DE MASTER</strong></span></p>\n<p>\n	El ejemplar a entregar&nbsp; deber&aacute; reunir las siguientes condiciones m&iacute;nimas:</p>\n<p>\n	&nbsp;</p>\n<ul>\n	<li>\n		Ser un documento correctamente impreso y estar bien encuadernado</li>\n	<li>\n		Se puede redactar en catal&aacute;n, castellano o ingl&eacute;s</li>\n	<li>\n		En la portada de cada ejemplar se deber&aacute; especificar:</li>\n</ul>\n<p style="margin-left:72.0pt;">\n	o&nbsp;&nbsp; Facultad de Medicina /Universitat Aut&ograve;noma de Barcelona</p>\n<p style="margin-left:72.0pt;">\n	o&nbsp;&nbsp; Autor: nombre y apellidos</p>\n<p style="margin-left:72.0pt;">\n	o&nbsp;&nbsp; Director/s y tutor/s (en su caso)</p>\n<p style="margin-left:72.0pt;">\n	o&nbsp;&nbsp; T&iacute;tulo y subt&iacute;tulo (en su caso)</p>\n<p style="margin-left:72.0pt;">\n	o&nbsp;&nbsp; Hacer constar expresamente que es el trabajo de investigaci&oacute;n correspondiente al M&aacute;ster Oficial &ldquo;INVESTIGACI&Oacute;N CL&Iacute;NICA APLICADA EN CIENCIAS DE LA SALUD&rdquo; y la convocatoria (junio/septiembre 2017)</p>\n<p style="margin-left:72.0pt;">\n	&nbsp;</p>\n<ul>\n	<li>\n		En los preliminares y despu&eacute;s de la portada, deber&aacute; constar un &iacute;ndice.</li>\n</ul>\n', 0, 1),
(289, 58, 0, 'Módulos', '<p>\n	-&nbsp;<a href="http://icacs.uab.cat/DocsCKeditor/files/GD_INFERMERIA_ICACS.pdf" target="_blank">Enfermer&iacute;a</a></p>\n<p>\n	- <a href="/DocsCKeditor/files/GD_EPIDEMIOLOGIA_ICACS.pdf" target="_blank">Epidemiolog&iacute;a</a></p>\n<p>\n	- <a href="/DocsCKeditor/files/Guia%20docent_MEDICINA%20INTERNA_ICACS.pdf" target="_blank">Medicina Interna</a></p>\n<p>\n	- <a href="/DocsCKeditor/files/GD_METODOLOGIA_ICACS.pdf" target="_blank">Metodolog&iacute;a</a></p>\n<p>\n	- <a href="/DocsCKeditor/files/GD_MICROBIOLOGIA_ICACS.pdf" target="_blank">Microbiolog&iacute;a</a></p>\n<p>\n	- <a href="/DocsCKeditor/files/GD_NEUROPSIQUIATRICA_ICACS.pdf" target="_blank">Neuropsiquiatr&iacute;a</a></p>\n<p>\n	- <a href="/DocsCKeditor/files/GD_PRACTIQUES_ICACS.pdf" target="_blank">Pr&aacute;cticas</a></p>\n<p>\n	- <a href="/DocsCKeditor/files/GD_TFM_ICACS.pdf" target="_blank">TFM</a></p>\n<p>\n	&nbsp;</p>\n<p>\n	&nbsp;</p>\n<p>\n	&nbsp;</p>\n', 0, 1),
(259, 40, 0, 'Certificado Director (Anexo 1)', '<h3 style="text-align: center;">\n	<strong><span style="color:#000080;">CERTIFICAT DEL DIRECTOR I/O TUTOR DEL TREBALL </span></strong><br />\n	<strong><span style="color: rgb(0, 0, 128);">DE FI DE MASTER RECERCA</span></strong></h3>\n<p>\n	&nbsp;</p>\n<h3 style="text-align: center;">\n	<strong>INVESTIGACI&Oacute; CL&Iacute;NICA APLICADA EN CI&Egrave;NCIES DE LA SALUT</strong></h3>\n<p>\n	&nbsp;</p>\n<p style="text-align: justify;">\n	&nbsp;&nbsp;&nbsp;&nbsp; Nom i filiaci&oacute; del Director:<br />\n	<br />\n	FA CONSTAR,<br />\n	<br />\n	que el treball titulat&nbsp; ..................................................................... ha estat realitzat sota la meva direcci&oacute; pel Sr/Sra ...................................................................................., trobant-se en condicions de poder ser presentat com a treball d recerca dins del m&ograve;dul &ldquo;Treball de Fi de Master&rdquo;, corresponent al&nbsp; Master Oficial &ldquo;INVESTIGACI&Oacute; CL&Iacute;NICA APLICADA EN CI&Egrave;NCIES DE LA SALUT&nbsp; a la convocat&ograve;ria de juny/octubre del ...................... fins al ............................<br />\n	<br />\n	<br />\n	Barcelona, ......... de ...................................... de 2017.<br />\n	&nbsp;</p>\n<p style="text-align: justify;">\n	&nbsp;</p>\n<p style="text-align: justify;">\n	Signtura del Director<br />\n	<br />\n	&nbsp;</p>\n', 1, 1),
(260, 40, 0, 'Certificado Tutor (Anexo 2)', '<p style="text-align: justify;">\n	Nom i filiaci&oacute; del Tutor (si s&acute;escau)<br />\n	<br />\n	FA CONSTAR<br />\n	<br />\n	que la progressi&oacute; del treball titulat......................................................................................................... realitzat pel Sr/Sra ......................................................................... &nbsp;i dirigit pel Dr/Dra ........................................................................... &nbsp;s&acute;ha fet sota la meva supervisi&oacute; ii tutoritzaci&oacute;&nbsp; trobant-se en condicions de poder ser presentat com a treball d recerca dins del m&ograve;dul &ldquo;Treball de Fi de Master&rdquo;, corresponent al&nbsp; Master Oficial &ldquo;INVESTIGACI&Oacute; CL&Iacute;NICA APLICADA EN CI&Egrave;NCIES DE LA SALUT&nbsp; a la convocat&ograve;ria de juny/octubre del ...................... &nbsp; &nbsp;fins al .................................<br />\n	<br />\n	<br />\n	Barcelona, ........... &nbsp;de ............................................ &nbsp; de 2017.</p>\n<p style="text-align: justify;">\n	&nbsp;</p>\n<p style="text-align: justify;">\n	<br />\n	Signatura del Tutor</p>\n', 2, 1),
(252, 38, 0, 'Conferencia inaugural', '<p align="center" class="x_MsoNormal" style="margin-top: 0px; margin-bottom: 0px; color: rgb(0, 0, 0); font-family: Tahoma, serif, EmojiFont; font-size: 13px; text-align: center;">\n	<b><u><span lang="CA" style="font-size: 16pt; color: rgb(0, 32, 96);">Sessi&oacute; Inaugural del M&agrave;ster ICACS</span></u></b></p>\n<p align="center" class="x_MsoNormal" style="margin-top: 0px; margin-bottom: 0px; color: rgb(0, 0, 0); font-family: Tahoma, serif, EmojiFont; font-size: 13px; text-align: center;">\n	<span lang="CA" style="font-size: 14pt; color: rgb(0, 32, 96);">Confer&egrave;ncia:<b>&nbsp;&quot;&iquest;Existe evidencia de que la MBE (Medicina basada en la evidencia) funciona en la pr&aacute;ctica?&rdquo;</b>&nbsp;a c&agrave;rrec del&nbsp;<b>Dr. JOS&Eacute; I. EMPARANZA</b>&nbsp;(Cap de la Unitat d&rsquo;Epidemiologia Cl&iacute;nica, Hospital Universitari de Donostia. Professor de Medicina Preventiva i Salut P&uacute;blica, Universitat del Pa&iacute;s Basc.)</span></p>\n<p align="center" class="x_MsoNormal" style="margin-top: 0px; margin-bottom: 0px; color: rgb(0, 0, 0); font-family: Tahoma, serif, EmojiFont; font-size: 13px; text-align: center;">\n	&nbsp;</p>\n<p align="center" class="x_MsoNormal" style="margin-top: 0px; margin-bottom: 0px; color: rgb(0, 0, 0); font-family: Tahoma, serif, EmojiFont; font-size: 13px; text-align: center;">\n	<b><u><span lang="CA" style="font-size: 14pt; color: rgb(0, 32, 96);">Dia, hora i lloc:</span></u></b></p>\n<p align="center" class="x_MsoNormal" style="margin-top: 0px; margin-bottom: 0px; color: rgb(0, 0, 0); font-family: Tahoma, serif, EmojiFont; font-size: 13px; text-align: center;">\n	<span lang="CA" style="font-size: 14pt; color: rgb(0, 32, 96);">Data: dimecres,&nbsp;<b>4 d&rsquo;octubre de 2017 a les 15.30 h</b></span></p>\n<p align="center" class="x_MsoNormal" style="margin-top: 0px; margin-bottom: 0px; color: rgb(0, 0, 0); font-family: Tahoma, serif, EmojiFont; font-size: 13px; text-align: center;">\n	<span lang="CA" style="font-size: 14pt; color: rgb(0, 32, 96);">Lloc:&nbsp;<b>Sala de Graus,</b>&nbsp;Unitat Docent de Sant Pau (UAB)</span></p>\n<p align="center" class="x_MsoNormal" style="margin-top: 0px; margin-bottom: 0px; color: rgb(0, 0, 0); font-family: Tahoma, serif, EmojiFont; font-size: 13px; text-align: center;">\n	<span lang="CA" style="font-size: 14pt; color: rgb(0, 32, 96);">Hospital de la Santa Creu i Sant Pau</span></p>\n<p align="center" class="x_MsoNormal" style="margin-top: 0px; margin-bottom: 0px; color: rgb(0, 0, 0); font-family: Tahoma, serif, EmojiFont; font-size: 13px; text-align: center;">\n	<span lang="CA" style="font-size: 14pt; color: rgb(0, 32, 96);">Universitat Aut&ograve;noma de Barcelona</span></p>\n<p align="center" style="margin-top: 0px; margin-bottom: 0px; color: rgb(0, 0, 0); font-family: Tahoma, serif, EmojiFont; font-size: 13px; text-align: center;">\n	<i><span lang="CA" style="color: rgb(0, 32, 96);">Aquesta confer&egrave;ncia s&rsquo;impartir&agrave; en el marc de la inauguraci&oacute; de la 8a Edici&oacute; del M&agrave;ster de Recerca Aplicada en Ci&egrave;ncies de la Salut.&nbsp;<u>Entrada lliure.</u></span></i></p>\n<div>\n	&nbsp;</div>\n', 2, 1),
(282, 51, 0, 'Investigación en Farmacología Clínica', '<p>\n	<a href="/DocsCKeditor/files/CALENDARI%20docent%202017-18%20FARMACOLOGIA_MV.xlsx" target="_blank">Calendari docent</a>. Curs 2017-2018.&nbsp;</p>\n', 4, 1),
(250, 42, 0, 'General', '<h3 class="titulacio" title="Investigació Clínica Aplicada en Ciències de la Salut">\n	Investigaci&oacute; Cl&iacute;nica Aplicada en Ci&egrave;ncies de la Salut</h3>\n<p style="text-align: justify;">\n	La complexitat creixent de la medicina i el desafiament dels aven&ccedil;os en el m&uacute;ltiples fronts diagn&ograve;stics i terap&egrave;utics que exploren les ci&egrave;ncies biom&egrave;diques fan de la investigaci&oacute; cl&iacute;nica una necessitat formativa indispensable per als futurs metges i professionals sanitaris.<br />\n	<br />\n	L&#39;objectiu del m&agrave;ster d&#39;Investigaci&oacute; Cl&iacute;nica Aplicada en Ci&egrave;ncies de la Salut &eacute;s formar investigadors solvents capa&ccedil;os de gestar i dur a bon terme projectes de recerca vinculats a la seva traject&ograve;ria cl&iacute;nica. La formaci&oacute; hospital&agrave;ria i la formaci&oacute; universit&agrave;ria s&#39;integren amb el prop&ograve;sit de formar l&#39;alumne per desenvolupar compet&egrave;ncies espec&iacute;fiques de recerca en diferents &agrave;mbits de la cl&iacute;nica m&egrave;dica i quir&uacute;rgica aix&iacute; com en qualsevol de les especialitats biom&egrave;diques i &agrave;rees afins.</p>\n<p style="text-align: justify;">\n	Per m&eacute;s informaci&oacute; clicka <a href="http://www.uab.es/servlet/Satellite/informacio-academica-dels-masters-oficials-i-del-\n\ndoctorat/l-oferta-de-masters-oficials/informacio-general/investigacio-clinica-aplicada-en-ciencies-de-la-salut-\n\n1096480139517.html?param1=1266477257607"><span style="font-size:16px;"><strong>aqu&iacute;</strong></span></a></p>\n', 0, 1),
(253, 39, 0, 'Competencias', '<p>\n	<span style="color:#000080;"><u><strong>ESPEC&Iacute;FICAS</strong><br />\n	\r\n\r\n<br />\n	</u></span></p>\n<ul>\n	<li>\n		Demostrar que comprende la importancia y las limitaciones de la \r\n\r\ninvestigaci&oacute;n cient&iacute;fica y&nbsp; traslacional en ciencias de la salud</li>\n</ul>\n<p>\n	&nbsp;</p>\n<ul>\n	\r\n\r\n<li>\n		Diferenciar los tipos de investigaci&oacute;n y la metodolog&iacute;a cient&iacute;fica aplicada</li>\r\n\r\n\n</ul>\n<p>\n	&nbsp;</p>\n<ul>\n	<li>\n		Formular problemas, hip&oacute;tesis y objetivos de \r\n\r\ninvestigaci&oacute;n</li>\n</ul>\n<p>\n	&nbsp;</p>\n<ul>\n	<li>\n		Valorar cr&iacute;ticamente, identificar y \r\n\r\nclasificar las fuentes de informaci&oacute;n cient&iacute;fica seg&uacute;n el tipo de evidencia y la relevancia \r\n\r\ncient&iacute;fica</li>\n</ul>\n<p>\n	&nbsp;</p>\n<ul>\n	<li>\n		Elaborar un protocolo de \r\n\r\ninvestigaci&oacute;n b&aacute;sico, cl&iacute;nico&nbsp; o experimental, bas&aacute;ndose en la metodolog&iacute;a \r\n\r\ncient&iacute;fica</li>\n</ul>\n<p>\n	&nbsp;</p>\n<ul>\n	<li>\n		Demostrar que comprende las \r\n\r\nmetodolog&iacute;as estad&iacute;sticas b&aacute;sicas empleadas en los estudios biom&eacute;dicos y cl&iacute;nicos y \r\n\r\nutilizar las herramientas de an&aacute;lisis de la tecnolog&iacute;a computacional moderna</li>\n</ul>\n<p>\n	\r\n\r\n&nbsp;</p>\n<ul>\n	<li>\n		Comunicar de forma efectiva y clara, tanto oral como escrita, las \r\n\r\njustificaciones,&nbsp; resultados y conclusiones de la investigaci&oacute;n</li>\n</ul>\n<p>\n	&nbsp;</p>\n<ul>\n	\r\n\r\n<li>\n		Mantener y actualizar su competencia cient&iacute;fica, prestando especial importancia al aprendizaje de \r\n\r\nmanera aut&oacute;noma de nuevos conocimientos y t&eacute;cnicas en el &aacute;mbito de las ciencias de la salud y en \r\n\r\notros &aacute;mbitos de la biomedicina</li>\n</ul>\n<p>\n	&nbsp;</p>\n<ul>\n	<li>\n		Reconocer y \r\n\r\nexplicar el contexto &eacute;tico, regulatorio y financiero en el que la investigaci&oacute;n en biomedicina debe&nbsp; \r\n\r\nllevarse a cabo</li>\n</ul>\n<p>\n	<br />\n	-&nbsp; Las siguientes competencias pertenecen a m&oacute;dulos \r\n\r\noptativos:<br />\n	&nbsp;</p>\n<ul>\n	<li>\n		Demostrar que conoce los procedimientos comunes a toda \r\n\r\nintervenci&oacute;n quir&uacute;rgica experimental con animales de laboratorio</li>\n</ul>\n<p>\n	&nbsp;</p>\n<ul>\n	\r\n\r\n<li>\n		Indicar las t&eacute;cnicas y procedimientos b&aacute;sicos de diagnosis y analizar e interpretar los \r\n\r\nresultados para precisar mejor la naturaleza de los problemas</li>\n	<li>\n		&nbsp;</li>\n</ul>\n<p>\n	\r\n\r\n<br />\n	<span style="color:#000080;"><u><strong>TRANSVERSALES</strong></u></span></p>\n<ul>\n	<li>\n		\r\n\r\nTrabajar como parte de un grupo junto con otros profesionales, comprender sus puntos de vista y cooperar de forma \r\n\r\nconstructiva</li>\n</ul>\n<p>\n	&nbsp;</p>\n<ul>\n	<li>\n		Comunicar y aplicar los conocimientos en el debate \r\n\r\np&uacute;blico y cultural</li>\n</ul>\n<p>\n	&nbsp;</p>\n<ul>\n	<li>\n		Identificar y comprender los \r\n\r\ncontinuos avances y retos en la investigaci&oacute;n</li>\n</ul>\n<p>\n	&nbsp;</p>\n<ul>\n	<li>\n		\r\n\r\nDesarrollar habilidades de autoaprendizaje y motivaci&oacute;n para continuar su formaci&oacute;n a nivel de \r\n\r\npostgrado</li>\n</ul>\n<p>\n	&nbsp;</p>\n<ul>\n	<li>\n		Actuar respetando los aspectos &eacute;ticos y \r\n\r\nlegales de la investigaci&oacute;n y de las actividades profesionales</li>\n</ul>\n<p>\n	&nbsp;</p>\n<ul>\n	\r\n\r\n<li>\n		Desarrollar conocimiento cient&iacute;fico, pensamiento cr&iacute;tico y creatividad</li>\n</ul>\n<p>\n	\r\n\r\n&nbsp;</p>\n', 1, 1),
(255, 39, 0, 'Planificación', '<h3 style="text-align: justify;">\n	<strong><span style="color: rgb(0, 0, \n\n128);">Estructura de las ense&ntilde;anzas. </span></strong><br />\n	<strong><span style="color: rgb(0, 0, \n\n128);">Explicaci&oacute;n general de la planificaci&oacute;n del plan de estudios.</span></strong></h3>\n<p style="text-\n\nalign: justify;">\n	Se trata de un m&aacute;ster de 60 ECTS de orientaci&oacute;n investigadora. Incluye 1 m&oacute;dulo metodol&oacute;gico obligatorio com&uacute;n para todos los alumnos (10 ECTS), 2 m&oacute;dulos optativos (cada uno de 10 ECTS), 1 m&oacute;dulo obligatorio de pr&aacute;cticas de investigaci&oacute;n (15 ECTS) y 1 m&oacute;dulo obligatorio de trabajo fin de m&aacute;ster (15 ECTS). El m&aacute;ster tiene una duraci&oacute;n de un curso acad&eacute;mico distribuido en dos semestres.&nbsp;&nbsp;&nbsp;&nbsp;&nbsp;&nbsp;&nbsp;&nbsp;&nbsp;&nbsp;&nbsp;&nbsp;&nbsp;&nbsp;&nbsp;&nbsp;&nbsp;&nbsp;&amp;nbs p;&nbsp;&nbsp;&nbsp;&nbsp;&nbsp;&nbsp;&nbsp;&nbsp;&nbsp;&nbsp;&nbsp;&nbsp;&nbsp;&nbsp;&nbsp;&nbsp;&nbsp;&nbsp;&nbsp;&nbsp; &nbsp;&nbsp;&nbsp;&nbsp;&nbsp;&nbsp;&nbsp;&nbsp;&nbsp;&nbsp;&nbsp;&nbsp;&nbsp; &nbsp;<br />\n	<br />\n	Distribuci&oacute;n del plan de estudios en cr&eacute;ditos ECTS, por tipo de m&oacute;dulo para los t&iacute;tulos de m&aacute;ster.<br />\n	<br />\n	Obligatorios:<br />\n	Metodolog&iacute;a b&aacute;sica en investigaci&oacute;n cl&iacute;nica: 10 ECTS<br />\n	Pr&aacute;cticas de investigaci&oacute;n: 15 ECTS<br />\n	Trabajo de fin de m&aacute;ster: 15 ECTS<br />\n	<br />\n	Optativos:<br />\n	20&nbsp; ECTS</p>\n<p style="text-align: \n\njustify;">\n	&nbsp;</p>\n<p style="text-align: justify;">\n	<img alt="" src="/DocsCKeditor/images/grafica 1.jpg" style="width: 546px; height: 118px;" /></p>\n<p style="text-align: justify;">\n	&nbsp;</p>\n<h3 style="text-align: \n\njustify;">\n	<span style="color:#000080;">Distribuci&oacute;n temporal del plan de estudios: </span></h3>\n<p style="text-align: justify;">\n	El m&aacute;ster se organiza en dos semestres dentro del mismo curso acad&eacute;mico. En el primero, el alumnado cursar&aacute; 30 cr&eacute;ditos correspondientes al m&oacute;dulo obligatorio: Metodolog&iacute;a b&aacute;sica en investigaci&oacute;n cl&iacute;nica (10 ECTS)&nbsp; y dos optativos (de 10 ECTS cada uno) de entre una oferta de 8 m&oacute;dulos optativos ofertados por distintos departamentos de la Facultad de Medicina.<br />\n	<br />\n	Durante el primer y segundo semestre se realizaran los 30 ECTS restantes obligatorios correspondientes a los m&oacute;dulos: Pr&aacute;cticas de investigaci&oacute;n: 15 ECTS y Trabajo de fin de m&aacute;ster: 15 ECTS, culminando con la lectura y defensa p&uacute;blica del mismo ante el tribunal nombrado para este fin por la Comisi&oacute;n del M&aacute;ster.</p>\n<p style="text-align: justify;">\n	<img alt="" src="/DocsCKeditor/images/grafica 2.jpg" style="width: 508px; height: 328px;" /></p>\n<p style="text-align: justify;">\n	* Los dos m&oacute;dulos del segundo semestre se podr&aacute;n iniciar con anterioridad, siempre bajo la supervisi&oacute;n de un tutor, con el fin de tener completado el trabajo de fin de master a concluir el a&ntilde;o acad&eacute;mico.</p>\n<p style="text-align: justify;">\n	&nbsp;</p>\n<p style="text-align: center;">\n	<strong>OFERTA M&Oacute;DULOS OPTATIVOS</strong></p>\n<table border="1" cellpadding="0" cellspacing="0" style="width: 100%;" width="565">\n	<colgroup>\n		<col style="text-align: center;" />\n		<col style="text-align: center;" />\n	</colgroup>\n	<tbody>\n		<tr height="40">\n			<td height="40" style="height: 40px; width: 271px; text-align: center;">\n				<p>\n					<strong>10 ECTS</strong><br />\n					Investigaci&oacute;n avanzada en Medicina, Enfermer&iacute;a y otros &aacute;mbitos</p>\n			</td>\n			<td style="width: 295px; text-align: center;">\n				Departamento de Medicina / Departamento de Pediatr&iacute;a, Obstetricia, Ginecolog&iacute;a y Medicina Preventiva</td>\n		</tr>\n		<tr height="40">\n			<td height="40" style="height: 40px; width: 271px; text-align: center;">\n				<strong>10 ECTS</strong><br />\n				Epidemiolog&iacute;a Cl&iacute;nica y Estad&iacute;stica</td>\n			<td style="width: 295px; text-align: center;">\n				Departamento de Pediatr&iacute;a, Obstetricia,<br />\n				&nbsp;Ginecolog&iacute;a y Medicina Preventiva</td>\n		</tr>\n		<tr height="40">\n			<td height="40" style="height: 40px; width: 271px; text-align: center;">\n				<strong>10 ECTS</strong><br />\n				Investigaci&oacute;n en Farmacolog&iacute;a Cl&iacute;nica</td>\n			<td style="width: 295px; text-align: center;">\n				Departamento de Farmacolog&iacute;a,<br />\n				Terap&eacute;utica y Toxicolog&iacute;a</td>\n		</tr>\n		<tr height="40">\n			<td height="40" style="height: 40px; width: 271px; text-align: center;">\n				<strong>10 ECTS</strong><br />\n				Investigaci&oacute;n en Cl&iacute;nica Neuropsiqui&aacute;trica</td>\n			<td style="text-align: center;">\n				Departamento de Psiquiatr&iacute;a y Medicina Legal</td>\n		</tr>\n		<tr height="40">\n			<td height="40" style="height: 40px; width: 271px; text-align: center;">\n				<strong>10 ECTS</strong><br />\n				Microbiolog&iacute;a en Ciencias de la Salud</td>\n			<td style="text-align: center;">\n				Departamento de Gen&eacute;tica y Microbiolog&iacute;a</td>\n		</tr>\n	</tbody>\n</table>\n<p style="text-align: justify;">\n	&nbsp;</p>\n<p>\n	&nbsp;</p>\n<p style="text-align: justify;">\n	&nbsp;</p>\n<p style="text-align: \n\njustify;">\n	&nbsp;</p>\n<p style="text-align: justify;">\n	&nbsp;</p>\n<p style="text-align: justify;">\n	&nbsp;</p>\n<p style="text-align: justify;">\n	&nbsp;</p>\n', 2, 1),
(256, 39, 0, 'Calendario Académico 2017-2018', '<p style="color: rgb(0, 0, 0); font-family: &quot;Times New Roman&quot;; font-size: medium; text-align: center;">\n	<strong>M&oacute;dulos M&aacute;ster ICACS</strong></p>\n<p style="color: rgb(0, 0, 0); font-family: &quot;Times New Roman&quot;; font-size: medium; text-align: center;">\n	<strong>M&aacute;ster en Investigaci&oacute;n Cl&iacute;nica Aplicada en Ciencias de la Salud</strong></p>\n<p style="color: rgb(0, 0, 0); font-family: &quot;Times New Roman&quot;; font-size: medium; text-align: center;">\n	<strong>Coordinador: Dr. Xavier Bonfill</strong></p>\n<p style="color: rgb(0, 0, 0); font-family: &quot;Times New Roman&quot;; font-size: medium; text-align: center;">\n	<span style="color:#0000cd;"><strong>CALENDARIO 8a Edici&oacute;n. 2017-2018</strong></span></p>\n<p>\n	&nbsp;</p>\n<p>\n	<u><span style="color:#000080;"><strong>M&oacute;dulo obligatorio</strong></span></u></p>\n<p>\n	<strong><span style="color:#000080;">M&oacute;dulo 1.Metodolog&iacute;a B&aacute;sica en Investigaci&oacute;n Cl&iacute;nica&nbsp;</span></strong></p>\n<p>\n	<strong>Responsable: Xavier Bonfill Cosp; <a href="mailto:xbonfill@santpau.cat">xbonfill@santpau.cat</a></strong></p>\n<p>\n	<span style="font-family:arial,helvetica,sans-serif;">Les fechas en las que se cursar&aacute; el m&oacute;dulo de Metodolog&iacute;a ser&aacute;n del 4 de octubre al 15 de enero de 2018. El horario ser&aacute; de 15.30h a 18.30h los lunes y mi&eacute;rcoles. Ubicaci&oacute;n: Unidad Docente del Hospital de la Santa Creu i Sant Pau.</span></p>\n<p>\n	&nbsp;</p>\n<p>\n	<strong><span style="color:#000080;">Epidemiolog&iacute;a Cl&iacute;nica i Estad&iacute;stica</span></strong></p>\n<p>\n	<strong>Responsable: Xavier Bonfill Cosp; <a href="mailto:xbonfill@santpau.cat">xbonfill@santpau.cat</a></strong></p>\n<p>\n	Las fechas en las que se cursar&aacute; el m&oacute;dulo de Epidemiolog&iacute;a ser&aacute;n de febrero a mayo de 2018. El horario ser&aacute; de 15.30h a 18.30h los lunes y mi&eacute;rcoles. Ubicaci&oacute;n: Unidad Docente del Hospital de la Santa Creu i Sant Pau.</p>\n<p>\n	&nbsp;</p>\n<p>\n	<strong style="color: rgb(0, 0, 128);">Investigaci&oacute;n avanzada en Medicina, Enfermer&iacute;a y otros &aacute;mbitos</strong></p>\n<p>\n	<strong>Responsable:&nbsp;Gerard Urr&uacute;tia;&nbsp;<a href="mailto:gurrutia@uab.cat">gurrutia@uab.cat</a></strong></p>\n<p>\n	Docente: Nieves Sopena; <a href="mailto:Nsopena.germanstrias@gencat.cat">Nsopena.germanstrias@gencat.cat</a></p>\n<p>\n	Las fechas en las que se cursar&aacute; el m&oacute;dulo Investigaci&oacute;n avanzada en Medicina, Enfermer&iacute;a y otros &aacute;mbitos ser&aacute;n los martes y jueves de febrero a mayo del 2018 en horario de 15.30h a 18.30h. Ubicaci&oacute;n: Unidad Docente del Hospital de la Santa Creu i Sant Pau</p>\n<p>\n	&nbsp;</p>\n<p>\n	<span style="color:#000080;"><strong>Microbiologia en Ciencias de la Salud</strong></span></p>\n<p>\n	<strong>Responsable: Lourdes Matas; <a href="https://excas02.dspau.santpau.es/owa/UrlBlockedError.aspx" target="_blank">Lmatas.germanstrias@gencat.cat</a></strong></p>\n<p>\n	Las fechas y horarios del m&oacute;dulo de Microbiolog&iacute;a en Ciencias de la Salud, ser&aacute; a consensuar con los alumnos.</p>\n<p>\n	&nbsp;</p>\n<p>\n	<span style="color:#000080;"><strong>Investigaci&oacute;n en Cl&iacute;nica Neuropsiqui&agrave;trica&nbsp;</strong></span></p>\n<p>\n	<strong>Responsable: Antonio Bulbena Vilarrasa; <a href="mailto:Antoni.Bulbena@uab.cat">Antoni.Bulbena@uab.cat</a></strong></p>\n<p>\n	Las fechas y horarios del m&oacute;dulo de Cl&iacute;nica Neuropsiqui&aacute;trica, ser&aacute; a consensuar con los alumnos.</p>\n<p>\n	&nbsp;</p>\n<p>\n	<strong style="color: rgb(0, 0, 128);">Investigaci&oacute;n</strong><strong style="color: rgb(0, 0, 128);">&nbsp;en Farmacolog&iacute;a Cl&iacute;nica (codi 42151)</strong></p>\n<p>\n	<strong>Responsable: Marta Valle: <a href="mailto:mvalle@santpau.cat">mvalle@santpau.cat</a></strong></p>\n<p>\n	Les fechas en las que se cursar&aacute; el m&oacute;dulo Farmacolog&iacute;a Cl&iacute;nica ser&aacute; aproximadamente durante la segunda quincena del mes de enero hasta mediados del mes de febrero de 2018.</p>\n<p>\n	&nbsp;</p>\n<p>\n	<strong><span style="color:#0000cd;"><span style="font-size:14px;">Pr&aacute;cticas de investigaci&oacute;n</span></span></strong></p>\n<p>\n	<strong><span style="color:#0000cd;"><span style="font-size:14px;">Trabajo de fin de M&aacute;ster</span></span></strong></p>\n', 9, 1),
(309, 51, 0, 'Microbiología en Ciencias de la Salud', '<p>\n	Pendiente</p>\n', 6, 1),
(304, 51, 0, 'Investigación avanzada en Medicina, Enfermería y otros ámbitos', '<p>\n	&nbsp;</p>\n<p>\n	<a href="/DocsCKeditor/files/Modul_Recerca_Avan_Calendari_2018.pdf" target="_blank">Programa provisional</a></p>\n', 3, 1),
(284, 51, 0, 'Investigación en Clínica Neuropsiquiátrica', '<p>\n	<a href="/DocsCKeditor/files/MODULINVNEUROPSIQGUIADOCENTICACS14.docx">Programa</a></p>\n', 5, 1),
(257, 39, 0, 'Descripción de Módulos', '<p>\n	&nbsp;</p>\n<p style="text-align: center;">\n	<strong>Breve descripci&oacute;n de los m&oacute;dulos&nbsp;</strong></p>\n<p>\n	&nbsp;</p>\n<p>\n	<em>La informaci&oacute;n mas detallada sobre cada m&oacute;dulo (gu&iacute;a docente) se entregar&aacute; con el inicio de cada m&oacute;dulo. En caso de requerir m&aacute;s informaci&oacute;n deber&aacute; contactarse con el coordinador de cada m&oacute;dulo o con el coordinador del m&aacute;ster.</em></p>\n<p>\n	<strong>Metodolog&iacute;a b&aacute;sica en investigaci&oacute;n cl&iacute;nica</strong></p>\n<ul>\n	<li>\n		Cr&eacute;ditos: 10 ECTS</li>\n	<li>\n		<span style="font-size: 12px;">Tipo: Formaci&oacute;n acad&eacute;mica</span></li>\n	<li>\n		<span style="font-size: 12px;">Secuencia:&nbsp; 1er semestre</span></li>\n	<li>\n		<span style="font-size: 12px;">Descriptores: Enfoques metodol&oacute;gicos (estudios cuantitativos y cualitativos) y dise&ntilde;o de investigaciones en ciencias de la salud.</span></li>\n</ul>\n<p>\n	&nbsp;</p>\n<p>\n	<strong>Pr&aacute;cticas de investigaci&oacute;n</strong></p>\n<ul>\n	<li>\n		<span style="font-size: 12px;">Cr&eacute;ditos: 15 ECTS</span></li>\n	<li>\n		<span style="font-size: 12px;">Tipo: Pr&aacute;cticas</span></li>\n	<li>\n		<span style="font-size: 12px;">Secuencia:&nbsp; 2do semestre (y parte del primer semestre)</span></li>\n	<li>\n		<span style="font-size: 12px;">Descriptores: Pr&aacute;cticas de investigaci&oacute;n dentro de una l&iacute;nea de investigaci&oacute;n de los departamentos implicados en el M&aacute;ster.</span></li>\n</ul>\n<p>\n	&nbsp;</p>\n<p>\n	<strong>Trabajo de fin de m&aacute;ster</strong></p>\n<ul>\n	<li>\n		<span style="font-size: 12px;">Cr&eacute;ditos: 15 ECTS</span></li>\n	<li>\n		<span style="font-size: 12px;">Tipo: Investigaci&oacute;n</span></li>\n	<li>\n		<span style="font-size: 12px;">Secuencia:&nbsp; 2do semestre (y parte del primer semestre)</span></li>\n	<li>\n		<span style="font-size: 12px;">Descriptores: Desarrollo, ejecuci&oacute;n y presentaci&oacute;n de un proyecto de investigaci&oacute;n.</span></li>\n</ul>\n<p>\n	&nbsp;</p>\n<p>\n	<strong>Investigaci&oacute;n avanzada en Medicina, Enfermer&iacute;a y otros &aacute;mbitos</strong></p>\n<ul>\n	<li>\n		Cr&eacute;ditos: 10 ECTS</li>\n	<li>\n		<span style="font-size: 12px;">Tipo: Formaci&oacute;n acad&eacute;mica</span></li>\n	<li>\n		<span style="font-size: 12px;">Secuencia: 1er semestre</span></li>\n	<li>\n		<span style="font-size: 12px;">Descriptores:&nbsp;</span></li>\n</ul>\n<p>\n	&nbsp;</p>\n<p>\n	<strong>Epidemiolog&iacute;a Cl&iacute;nica y Estad&iacute;stica</strong></p>\n<ul>\n	<li>\n		<span style="font-size: 12px;">Cr&eacute;ditos: 10 ECTS</span></li>\n	<li>\n		<span style="font-size: 12px;">Tipo: Formaci&oacute;n acad&eacute;mica</span></li>\n	<li>\n		<span style="font-size: 12px;">Secuencia: 1er semestre</span></li>\n	<li>\n		<span style="font-size: 12px;">Descriptores: Dise&ntilde;o y formulaci&oacute;n de preguntas terap&eacute;uticas, diagn&oacute;sticas, pron&oacute;sticas y etiol&oacute;gicas.Conceptos generales relacionados con la calidad asistencial y m&eacute;todos espec&iacute;ficos para evaluarla.</span></li>\n</ul>\n<p>\n	&nbsp;</p>\n<p>\n	<strong>Investigaci&oacute;n en farmacolog&iacute;a cl&iacute;nica</strong></p>\n<ul>\n	<li>\n		Cr&eacute;ditos: 10 ECTS</li>\n	<li>\n		<span style="font-size: 12px;">Tipo: Formaci&oacute;n acad&eacute;mica</span></li>\n	<li>\n		<span style="font-size: 12px;">Secuencia: 1er semestre</span></li>\n	<li>\n		<span style="font-size: 12px;">Descriptores: Aspectos conceptuales de Farmacovigilancia y farmacoepidemiolog&iacute;a. C&oacute;digos &eacute;ticos internacionales y legislaci&oacute;n.</span></li>\n</ul>\n<p>\n	&nbsp;</p>\n<p>\n	<strong>Investigaci&oacute;n en cl&iacute;nica neuropsiqui&aacute;trica</strong></p>\n<ul>\n	<li>\n		<span style="font-size: 12px;">Cr&eacute;ditos: 10 ECTS</span></li>\n	<li>\n		<span style="font-size: 12px;">Tipo: Formaci&oacute;n acad&eacute;mica</span></li>\n	<li>\n		<span style="font-size: 12px;">Secuencia: 1er semestre</span></li>\n	<li>\n		<span style="font-size: 12px;">Descriptores:&nbsp;</span><strong style="font-size: 12px;">Metodologia de la investigaci&oacute;n en cl&iacute;nica psiqui&aacute;trica.&nbsp;</strong><span style="font-size: 12px;">Neurobiologia de la conducta anormal. Evaluaci&oacute;n de rasgos de personalidad y estados psicopatol&oacute;gicos. Neuroimagen en Psiquiatr&iacute;a. Avances en Neuropsiquiatria y Neurociencia Cognitiva.</span></li>\n</ul>\n<p>\n	&nbsp;</p>\n<p>\n	<strong>Microbiolog&iacute;a en ciencias de la salud</strong></p>\n<ul>\n	<li>\n		Cr&eacute;ditos: 10 ECTS</li>\n	<li>\n		<span style="font-size: 12px;">Tipo: Formaci&oacute;n acad&eacute;mica</span></li>\n	<li>\n		<span style="font-size: 12px;">Secuencia: 1er semestre</span></li>\n	<li>\n		<span style="font-size: 12px;">Descriptores: Aplicaci&oacute;n de m&eacute;todos de investigaci&oacute;n en t&eacute;cnicas diagn&oacute;sticas y resistencia a f&aacute;rmacos en microbiolog&iacute;a.</span></li>\n</ul>\n<p>\n	&nbsp;</p>\n', 3, 1),
(264, 42, 0, 'Contacto', '<h3>\n	<strong><span style="color:#000080;">GESTI&Oacute;N ACAD&Eacute;MICA DE LA FACULTAD</span></strong></h3>\n<p style="text-align: justify;">\n	La&nbsp; Gesti&oacute;n Acad&eacute;mica es el servicio de informaci&oacute;n y asesoramiento acad&eacute;mico para futuros estudiantes, estudiantes y profesores de la Facultad de Medicina. Tambi&eacute;n os pod&eacute;is poner en Contacto para realizar los tr&aacute;mites acad&eacute;micos y administrativos referentes al expediente acad&eacute;mico.<br />\n	<br />\n	Para cualquier consulta escribid a <a href="mailto:masters.oficials.medicina@uab.cat">masters.oficials.medicina@uab.cat</a> y te responderemos con la informaci&oacute; que necesites. En caso que seas profesor o estudiante, la respuesta se tramitir&aacute; al correo institucional UAB para garantizar la confidencialidad y la informaci&oacute;n oficial.<br />\n	<br />\n	La Gesti&oacute;n Acad&eacute;mica de la Facultad y la Oficina de Intercanvios est&aacute; en el primer piso del Edificio de Medicina del Campus de Bellaterra.</p>\n<p style="text-align: justify;">\n	<strong>Tel&eacute;fono +34 93 581 19 02&nbsp;&nbsp;&nbsp;&nbsp;&nbsp;&nbsp;&nbsp;&nbsp;&nbsp;&nbsp;&nbsp; Fax&nbsp; +34 93 581 19 17</strong></p>\n<p style="text-align: justify;">\n	<br />\n	<br />\n	<strong><u><span style="color:#000080;">Atenci&oacute;n al p&uacute;blico:</span></u></strong></p>\n<p style="text-align: justify;">\n	Para ser atendido &nbsp;por la gesti&oacute; acad&eacute;mica ser&aacute; necesario pedir cita previa:</p>\n<p>\n	<a href="http://cita.uab.cat/medicina/gestio-academica/">http://cita.uab.cat/medicina/gestio-academica/</a></p>\n<p>\n	&nbsp;</p>\n<h3>\n	<strong><span style="color: rgb(0, 0, 128);">COORDINADOR DEL MASTER</span></strong></h3>\n<div>\n	<strong>Xavier Bonfill</strong></div>\n<div>\n	<strong>E mail</strong>: &nbsp; Xavier.Bonfill@uab.cat</div>\n<p style="text-align: justify;">\n	&nbsp;</p>\n', 2, 1),
(275, 51, 0, 'Epidemiología Clínica y Estadística', '<p>\n	<a href="/DocsCKeditor/files/EPIDEMIOLOGIA_CLINICA%20_ESTADISTICA_programa.pdf" target="_blank">Programa</a></p>\n', 2, 1),
(269, 51, 0, 'Metodología básica en investigación clínica', '<p>\n	<a href="/DocsCKeditor/files/MASTER_ICACS-CURS_17-18_def.pdf" target="_blank">Programa</a></p>\n', 1, 1),
(281, 39, 0, 'Trabajo Fin de Máster', '<p>\n	<strong>Fechas de los tribunales del TFM que tendr&aacute;n lugar el d&iacute;a 27 de septiembre del 2017.</strong></p>\n<p>\n	<strong>Descargar <a href="/DocsCKeditor/files/TRIBUNALS_ICACS_2017xls%20(1).pdf" target="_blank"><u>aqu&iacute;</u>.</a></strong></p>\n', 8, 1),
(303, 40, 0, 'Propuesta de Actividad (Anexo 5)', '<p>\n	&nbsp;</p>\n<p>\n	<a href="/DocsCKeditor/files/Annex%204_PROPOSTA%20ACTIVITAT_Projecte%20Formatiu.pdf">Formulari de Proposta d&#39;Activitat en Empresa/Instituci&oacute;</a></p>\n', 5, 1);

--
-- Volcado de datos para la tabla `Noticias`
--

INSERT INTO `Noticias` (`IdNoticia`, `Entradeta`, `Cos`, `Titol`, `FechaDesPub`, `FechaPub`, `FechaNot`, `Image`) VALUES
(25, NULL, '<p>\n	Les tutories del <strong>M&agrave;ster d&rsquo;Investigaci&oacute; Cl&iacute;nica aplicada en \r\n\r\nCi&egrave;ncies de la Salut</strong> es realitzaran els dies:</p>\n<p>\n	<strong>3, 11,18, 25 de Juliol</strong><br \r\n\r\n/>\n	<strong>Horari: de 9 a 11 hores</strong><br />\n	<strong>Lloc: Facultat de Medicina. Bellaterra. Despatx de \r\n\r\nVicedegans</strong></p>\n', 'Tutories del Màster', '2012-08-31', '2012-06-26', '2012-06-26', 'uab.jpg'),
(26, NULL, '<p>\n	Ja teniu disponible el calendari&nbsp;d&#39;entrega del projecte i dels informes de \r\n\r\nseguiment.</p>\n<p>\n	Per a m&eacute;s informaci&oacute;, consulteu aquest <strong><a \r\n\r\nhref="http://icacs.uab.cat/#!/Prácticas-y trabajo de investigación: CALENDARIO_267_1">arxiu</a>.</strong></p>\n<p>\n	\r\n\r\n&nbsp;</p>\n', 'Pràctiques i treball de recerca', '2013-03-02', '2012-09-10', '2012-09-10', 'objectiu.jpg'),
(28, NULL, '<p>\n	&nbsp;</p>\n<p>\n	Ya ten&eacute;is disponible el horario de las clases te&oacute;ricas y seminarios docentes basados en problemas del m&oacute;dulo de Medicina Interna.</p>\n<p>\n	Para&nbsp; m&aacute;s informaci&oacute;n, consultad el <strong><a href="/DocsCKeditor/files/modulmedicinainterna.pdf">programa</a>.</strong></p>\n<p>\n	&nbsp;</p>\n', 'Programa del módulo de Medicina Interna', '2013-07-31', '2013-03-04', '2013-03-04', 'calendario.bmp'),
(31, NULL, '<p>\n	El Tribunal General tendr&aacute; lugar el pr&oacute;ximo 25 de Septiembre en la <strong>Unidad Docente del Hospital Germans Trias i Pujol</strong>.</p>\n<p>\n	Consulta el<strong> <a href="/DocsCKeditor/files/Tribunal%20General_Horaris.pdf">horario de presentaci&oacute;n</a></strong>.</p>\n<p>\n	<strong><a href="/DocsCKeditor/images/treball%20master%202015.JPG">Aqu&iacute;</a></strong>, m&aacute;s informaci&oacute;n.</p>\n<p>\n	&nbsp;</p>\n<p>\n	El Tribunal de Epidemiolog&iacute;a tendr&aacute; lugar el pr&oacute;xima 29 de Septiembre en la <strong>Unidad Docente del Hospital de la Santa Creu i Sant Pau (Casa de Convalescencia)</strong></p>\n<p>\n	El orden de presentaci&oacute;n se anunciar&aacute;, pr&oacute;ximamente, en esta misma Web.</p>\n<p>\n	<a href="/DocsCKeditor/images/xavierb.JPG">Aqu&iacute;</a>, m&aacute;s informaci&oacute;n.</p>\n<p>\n	&nbsp;</p>\n', '- Convocatoria de Trabajo Fin de Máster', '2015-11-30', '2015-07-09', '2015-07-09', 'IMG_Tesis1.jpg'),
(32, NULL, '<p>\n	Ya tienes a tu disposici&oacute;n el documento con los datos de la convocatoria general para la lectura y defensa del trabajo de fin de master:</p>\n<p>\n	<a href="/DocsCKeditor/files/Convocatoria_2014.pdf" target="_blank"><img alt="" src="/DocsCKeditor/images/IconoPDF.jpg" style="width: 32px; height: 32px;" />Descargar documento</a></p>\n<p>\n	<em>Nota aclaratoria: Aquellos alumnos que hayan cursado el m&oacute;dulo de psiquiatr&iacute;a, presentar&aacute;n y defender&aacute;n su trabajo de investigaci&oacute;n de acuerdo a la fecha prevista por el departamento de psiquiatr&iacute;a.</em></p>\n', 'CONVOCATORIA  GENERAL PARA LA  LECTURA Y DEFENSA DEL TRABAJO DE FIN DE MASTER', '2014-12-31', '2014-09-08', '2014-09-26', ''),
(34, NULL, '<p style="color: rgb(102, 102, 102); font-family: Verdana, Geneva, sans-serif; font-size: 11px; text-align: justify;">\n	El pasado &nbsp;14 de octubre tuvo lugar la conferencia inaugural del curso 2015-2016, a cargo del <strong>Prof.&nbsp;&nbsp;BA&Ntilde;OS DIEZ, JOSEP ELADI</strong></p>\n<p style="color: rgb(102, 102, 102); font-family: Verdana, Geneva, sans-serif; font-size: 11px; text-align: justify;">\n	&nbsp;</p>\n<p style="color: rgb(102, 102, 102); font-family: Verdana, Geneva, sans-serif; font-size: 11px; text-align: justify;">\n	<strong><a href="/DocsCKeditor/files/ConfernciaInaugural.pdf">Aqu&iacute;.</a></strong>&nbsp;m&aacute;s informaci&oacute;n.</p>\n', '- CONFERÈNCIA INAUGURAL - CURS 2015-2016', '2016-07-01', '2015-09-18', '2015-09-18', ''),
(37, NULL, '<p>\n	Metodolog&iacute;a B&aacute;sica en Investigaci&oacute;n Cl&iacute;nica</p>\n<p>\n	<a href="/DocsCKeditor/files/MASTER_ICACS-16_17_ModulMetodologia.pdf" target="_blank">M&aacute;s informaci&oacute;n.</a></p>\n<p>\n	&nbsp;</p>\n<p>\n	Epidemiolog&iacute;a Cl&iacute;nica</p>\n<p>\n	<a href="/DocsCKeditor/files/EPIDEMIOLOGIACLINICA%20_I_ESTADISTICA_1.pdf" target="_blank">M&aacute;s informaci&oacute;n.</a></p>\n', 'Programas del curso 2016-2017', '2017-07-18', '2016-09-15', '2016-09-15', ''),
(38, NULL, '<p align="center">\n	<strong>&quot;Oportunidades, limitaciones y retos de la investigaci&oacute;n en enfermer&iacute;a&rdquo;<br />\n	</strong>a cargo de la <strong>Dra. GEMMA ROBLEDA FONT</strong><em>(Profesora de l&#39;Escola Superior d&#39;Infermeria Mar. UPF)</em></p>\n<p align="center">\n	Fecha:<strong>Mi&eacute;rcoles, 5 de octubre de 2016 a las 15.30 h</strong></p>\n<p align="center">\n	Lugar: <strong>Sala de Graus, Unidad Docente de Sant Pau (UAB)</strong></p>\n<p align="center">\n	<strong>Hospital de la Santa Creu i Sant Pau</strong></p>\n<p align="center">\n	&nbsp; &nbsp; &nbsp; &nbsp; &nbsp;</p>\n', 'Sesión inaugural', '2016-10-21', '2016-09-16', '2016-09-16', ''),
(39, NULL, '<p>\n	Tendr&aacute; lugar el d&iacute;a 27 de septiembre.</p>\n<p>\n	<a href="/DocsCKeditor/files/TRIBUNALS_ICACS_2017xls%20(1).pdf" target="_blank">M&aacute;s informaci&oacute;n.</a></p>\n', 'Fechas de los tribunales del Trabajo de Fin de Máster', '2017-10-12', '2017-09-12', '2017-09-12', ''),
(40, NULL, '<div style="text-align: center;">\n	<strong>Sessi&oacute; Inaugural del M&agrave;ster ICACS</strong></div>\n<div style="text-align: center;">\n	Confer&egrave;ncia: <strong>&quot;&iquest;Existe evidencia de que la MBE (Medicina basada en la evidencia) funciona en la pr&aacute;ctica?&rdquo;</strong> a c&agrave;rrec del <strong>Dr. JOS&Eacute; I. EMPARANZA</strong> (Cap de la Unitat d&rsquo;Epidemiologia Cl&iacute;nica, Hospital Universitari de Donostia. Professor de Medicina Preventiva i Salut P&uacute;blica, Universitat del Pa&iacute;s Basc.)</div>\n<div>\n	&nbsp;</div>\n<div style="text-align: center;">\n	<strong>Dia, hora i lloc:</strong></div>\n<div style="text-align: center;">\n	Data: dimecres, <strong>4 d&rsquo;octubre de 2017 a les 15.30 h</strong></div>\n<div style="text-align: center;">\n	Lloc: <strong>Sala de Graus</strong>, Unitat Docent de Sant Pau (UAB)</div>\n<div style="text-align: center;">\n	Hospital de la Santa Creu i Sant Pau</div>\n<div style="text-align: center;">\n	Universitat Aut&ograve;noma de Barcelona</div>\n<div style="text-align: center;">\n	Aquesta confer&egrave;ncia s&rsquo;impartir&agrave; en el marc de la inauguraci&oacute; de la 8a Edici&oacute; del M&agrave;ster de Recerca Aplicada en Ci&egrave;ncies de la Salut. Entrada lliure.</div>\n<div style="text-align: center;">\n	&nbsp;</div>\n<div style="text-align: center;">\n	&nbsp;</div>\n<div>\n	&nbsp;</div>\n', 'Sessió Inaugural del Màster ICACS', '2017-10-06', '2017-09-28', '2017-09-28', '');

--
-- Volcado de datos para la tabla `Web`
--

INSERT INTO `Web` (`IdWeb`, `WebColor`, `ButtonsColor`) VALUES
(7, '7a0000', '7a0000');

/*!40101 SET CHARACTER_SET_CLIENT=@OLD_CHARACTER_SET_CLIENT */;
/*!40101 SET CHARACTER_SET_RESULTS=@OLD_CHARACTER_SET_RESULTS */;
/*!40101 SET COLLATION_CONNECTION=@OLD_COLLATION_CONNECTION */;
